ts_iso,session,task,ctx_start,ctx_end,delta,deg,note
2026-10-02T19:21+03:00,768b9104,K1-K7 uygulama + benchmark kurulumu,,,43450,0,ilk snapshot; compaction sonrasi tek prompt'ta 5 dosya okumasiyla context ~30k artti (K2'nin en dogrudan kaniti; baz degeri tam bilinmiyor)
2026-10-02T19:35+03:00,768b9104,K1-K7 uygulama + benchmark kurulumu,43450,20122,-23328,0,2. compaction sonu (oturum toplami: 2 compaction; kullanici sayimi); 2. compaction rapor teslimi SONRA = gorev bitiminde (dusuk risk); 1. compaction gorev ortasinda idi ama devir belgesi sayesinde kayip yok
2026-10-02T20:02+03:00,768b9104,veri hijyeni turu (6 madde uygulaması),20122,14604,-5518,0,DUZELTME: 20122 = turn BASI (onceki snapshot), compaction oncesi DEGIL; compaction oncesi tepe ≈ **59k (FUNKGOTH UI GOZLEMI)** → GERCEK COMPACTION ETKISI ≈ 59k→14.6k = **−44.4k** (bu K6'nin ilk gercek veri noktasi); 20122 = turn BASI (onceki snapshot); 14604 = compaction SONRASI + devamin ilk isleri; delta -5518 compaction kuculmesi DEGIL, turn basi → compaction sonrasi. K6 boslugu: tepe agent tarafinda otomatik yakalanamiyor, kullanici UI'dan gorebiliyor (kaynak: use); 3. compaction gorev ortasinda idi, devir belgesi kayipsiz tasiydi; K2 disiplini tutuldu (LOG tam okunmadi)
2026-10-02T21:25+03:00,768b9104,4 madde uygulaması + devir hazırlığı (K1 sinyal/batch/K9 defter + 59k veri + TASKS/STATE/LOG/commit),14604,32612,18008,0,devir turu: devir belgesi + 4 onaylı madde; ledger 9 satır (K9 aktif); K2-batch bu turda tutuldu (TASKS/STATE/ledger tek coklu-edit); devir mesajıyla oturum kapanacak
2026-10-02T21:50+03:00,1d2bb86d,boot hatasi analizi (E:\ aramasi + kok neden + hafiza kayitlari),21500,21500,0,1,yeni oturum (O19) 1. snapshot; deg=1: K1 kullanicu-duzeltme sinyali (PROTOCOL.md bulunamadi, FunkGoth E:\'e yonlendirdi); boot kapsam hatasi analizi LOG O19 + lessons
2026-10-02T22:05+03:00,1d2bb86d,oneri 1+2 uygulama (PROTOCOL/lessons/LOG/STATE) + onay,21500,45359,23859,0,O19 2. snapshot; deg=0; delta +23.9k = oneri anlatimi + 4 dosya edit yansimasi (K8 echo: PROTOCOL ~900B, digerleri dar pencere)
2026-10-02T22:15+03:00,O20,boot + "devam edelim",,19074,,0,ilk snapshot O20 (yeni oturum); boot okumalari (README/PROTOCOL/STATE/TASKS) dahil ~19k; deg=0 (K1 sinyali yok)
2026-10-02T22:19+03:00,O20,niha karar oturumu — sorun/beklenti teyidi,19074,28552,9478,0,O20 2. snapshot; delta = kullanicu promptu + durum ozeti + snapshot altyapisi; deg=0
2026-10-02T23:15+03:00,O20,nihai karar oturumu — kararlar + dosya uygulamalari,28552,42032,13480,0,nihai karar turu: rapor+PROTOCOL distille+handbook+defter; shell-append (K2c) ilk kullanimi
2026-10-02T23:24+03:00,5eb12d70,context optimizasyonu devam (O21),,25907,,0,O21 ilk snapshot; boot okumalari + K6 altyapisi; deg=0
2026-10-02T23:42+03:00,5eb12d70,context optimizasyonu devam (O21),25907,49882,23975,0,son snapshot; delta = boot okumalari + denetim dokumani + 6 dosya guncelleme yansimalari; deg=0; NOT: 49.9k = compaction bolgesine yakin (O18 tepe 59k)
2026-10-02T23:55+03:00,5eb12d70,context optimizasyonu devam (O21) + DEVR,49882,56476,6594,0,devir turu; O22 konulari TASKS/STATE/LOG'a yazildi; deg=0; NOT: 56.5k = O18 tepe 59k'a cok yakin — bu oturum burada kapanmali
