run_id,date,task,model,runtime,prompt_tok,prompt_tps,eval_tok,eval_tps,duration_s,load_s,sample_type,ram_free_gb_before,ram_free_gb_after,ram_avail_gb_before,ram_avail_gb_after,ram_commit_gb_before,ram_commit_gb_after,vram_ded_mb_before,vram_ded_mb_after,vram_shared_mb_before,vram_shared_mb_after,gpu_util_before_pct,gpu_util_after_pct,paging_mb_before,paging_mb_after,capture_overhead_s,main_model_impact,quality_verdict,accepted,notes
2026-10-01-01,2026-10-01,ping-test,worker8b,B,,,,,,,,,,,,,,,,,,,,,,,,,light,unknown,passed,yes,"CLI test (ollama run); veri havuzu oncesi; sure 20.8s"
2026-10-01-02,2026-10-01,t7-rapor-inceleme,worker8b,B,3928,63.0,585,7.1,148,0.3,,,,,,,,,,,,,,,,,,,,light,unknown,minor-errors,yes,"ilk tam brief->result; hiz baseline (prefill 63, eval 7.1 tok/s); 2 sapma yakalandi + 1 cross-ref kacirildi; 1 gecerli bulgu (shared 2.7GB); kaynak olcumu o zaman yoktu"
2026-10-01-03,2026-10-01,worker-dogrulama,worker8b,B,94,70.9,354,10.2,41.0,5.1,light,unknown,passed,yes,"dogrulama (FunkGoth istegi); cold load 5.1s; qwen3 thinking VARSAYILAN ACIK (~315/354 tok thinking); ciktı: 1 cumle <=30 kelime, tum anahtar noktalar"
2026-10-01-04,2026-10-01,worker-dogrulama,worker8b,B,94,774,283,10.3,27.7,4.7,full,none,passed,yes,"full orneglem (yeni is tipi ilk); prompt 93/94 cached (prompt_tps gercek prefill degil); RAM free 5.49>5.33 GB, commit +0.11; vram_ded +30 MB (<256), shared +0 (<128); gpu_util 13>37; pagefile 0; capture ~2x2s"
2026-10-01-05,2026-10-01,worker-dogrulama-nothink,worker8b,B,100,222,33,10.4,3.7,6.8,light,unknown,passed,yes,"think:false testi → eval 33 tok (vs 354/283 thinkingli); wall 3.7s vs 41s (~11x hiz); kalite korundu (<=30 kelime, anahtar noktalar); prompt 88/100 cached; load 6.8s"
2026-10-01-04-fix,2026-10-01,worker-dogrulama,worker8b,B,94,774,283,10.3,27.7,4.7,full,5.49,5.33,,,,,,,,,13,37,0,0,4,none,passed,yes,"run 04 duzeltme satiri (orijinal eski 16 kolonlu duzende; degerler orijinal nottan; commit/vram mutlak degerleri kayitli degildi: commit +0.11 GB, vram_ded +30 MB, shared +0)"
2026-10-02-01,2026-10-02,asahama1-worker-coex,worker8b,B,53,68.4,50,10.7,13.3,7.8,light,,,,,,,23234,23133,,,,,,,,none,passed,yes,"asahama1 adim2: worker baslatildi (CPU, Ollama) — VRAM DUSMEDI (23.2→23.1 GB); dunun 23→2-3 GB dususu bu kosullarda tekrarlamadi → attribusyon acik; 27B TTFB 0.21s (yuklu baz); not: sampler gpu_util alani bu nvidia-smi'de gecersiz — yalniz memory.used"
2026-10-02-02,2026-10-02,l1b-worker8b-gpu-w1,worker8b,B,,,160,18.5,48.81,,full,,,,,,,1500,,,,,,,,27B unloaded (L1-B),passed,yes,"L1-B test W1 (ilk is/cold): 27B once 23574→1500 MiB (bosaltma kanitli); worker8b GPU'da (size_vram=6.3GB tam VRAM, /api/ps teyitli); W1 18.5 tok/s = cold-load + muhtemel cold decode; W2 1.6s sonra bitti (kuyruk); warm teyidi bekleniyor"
2026-10-02-03,2026-10-02,l1b-worker8b-gpu-w2,worker8b,B,,,160,101.9,50.41,,full,,,,,,,1500,,,,,,,,27B unloaded (L1-B),passed,yes,"L1-B test W2 (warm): 101.9 tok/s = GPU solo hizi (CPU 10.7'nin ~9.5x); wall 50.41s = bekleme + 1.6s generate; ardindan JIT reload 27B: http=200, 317.7s (~5.3 dk), final VRAM 23082 MiB (27B geri, oturum ayakta, risk gerceklemedi)"
2026-10-02-04,2026-10-02,w1warm-r1-cold,worker8b,B,,,160,103.2,6.06,4.12,full,19.85,18.88,19.79,18.88,14.28,21.59,1330,7615,137.1,596.1,39,14,0,0,,none,passed,yes,"W1 warm teyidi R1 (siralı, L1-B tekrar): cold fresh load yalniz 4.12s + eval 103.2 tok/s; L1-B W1 18.5 tok/s'in cold-decode DEGIL paralel kuyruk artifact'i oldugu gorunuyor; GPU solo (27B once unload: 23332→1330 MiB; worker8b size_vram 6.3GB tam VRAM); payload L1-B ile ayni"
2026-10-02-05,2026-10-02,w1warm-r2-warm,worker8b,B,,,160,108.1,1.87,0,light,18.89,18.84,18.89,18.85,21.52,21.55,7615,7615,596.1,596.1,23,15,0,0,,none,passed,yes,"W1 warm teyidi R2 (HEDEF): warm 108.1 tok/s ≈ L1-B W2 101.9 → warm ~100 tok/s TEYIT EDİLDİ (hedef ~100); ardindan kapatma: worker8b keep_alive:0 ile evict (size_vram→0, CPU'ya), 27B JIT reload (1. deneme http=415 = form content-type; JSON header ile http=200 1.6s — model zaten JIT'le yuklu gormus), final VRAM 22800/24576 MiB, oturum ayakta"
2026-10-02-06,2026-10-02,clean-reload-dogrulama,qwen3.8-27b(ana),Bionic-JIT,81,,16,,17.44,17.44,light,,,,,,,1038,23368,,,,,,,,self-reload,passed,yes,"317.7s anomali dogrulamasi (GO): worker8b evict (keep_alive:0; /api/ps bos) + lms unload (VRAM 23067→1038 MiB) → clean JIT reload: http=200, time_total=17.44s (tumu ilk-byte'a kadar; eval 16 tok ihmal) vs L1-B 317.7s (worker8b size_vram 6.3GB VRAM'deydi) → VRAM cakismasi hipotezi KANITLANDI; Mod B gercek gecis maliyeti ≈17-20s (318s DEGIL) → break-even ≈200-250 output tok/batch; final VRAM 23368 MiB, oturum ayakta (5. unload+reload, hic kirlanmadi); yan bulgu: /api/v1 404 ama JIT load'u async tetikliyor → endpoint /api/v0/chat/completions (JSON Content-Type zorunlu)"
